{"0.19823103161574473":{"user_id":6},"0.5811656380264092":{"user_id":6},"0.7571080662026808":{"user_id":6},"0.01857766742403255":{"user_id":6},"0.7843386253238205":{"user_id":6},"0.23647129843454429":{"user_id":0},"0.8387641139659276":{"user_id":6},"0.8601042621022541":{"user_id":0},"0.5620687577616783":{"user_id":0},"0.2061064615120558":{"user_id":6},"0.6291892352494786":{"user_id":6},"0.3065774222215185":{"user_id":6},"0.6581183360792331":{"user_id":6},"0.09265501452817437":{"user_id":6},"0.38365854154437384":{"user_id":6},"0.42664944627161905":{"user_id":6},"0.26159155360549735":{"user_id":6},"0.2157178295191382":{"user_id":6}}